node_id,grau,clustering,closeness,betweenness,eigenvector,page_rank
A_1,5,0.2,0.17183268131206741,0.0028103003562018497,0.002280972309299346,0.0009554820325772646
A_2,9,0.3611111111111111,0.18419354838709678,0.0028755249916798745,0.007234288557788281,0.0016051043283697441
A_3,7,0.47619047619047616,0.17229933614966808,0.0012490693190283383,0.0037610368673063393,0.0012518072725455156
A_4,7,0.5714285714285714,0.16833726415094338,0.0002931766240332618,0.004133040159876929,0.0013608085236388272
A_5,8,0.5357142857142857,0.1805819101834282,0.0010369551324571462,0.006495965559034223,0.0013950294614281447
A_6,13,0.4358974358974359,0.19568197395476353,0.0056001467205396725,0.013273670176425688,0.002076769076841285
A_7,12,0.3939393939393939,0.18611473272490223,0.006309553731183914,0.009333355648306197,0.001999572269934938
A_8,9,0.5,0.1750459840588596,0.0006512789964530869,0.006945850472326065,0.0015114696329043707
A_9,13,0.41025641025641024,0.2001402032947774,0.00820838896434783,0.015686581509366096,0.0019268026638169437
A_10,14,0.37362637362637363,0.20126894606979204,0.01185663729119232,0.015227495085948008,0.002263215108431563
A_11,10,0.4444444444444444,0.18587239583333334,0.00287020141762113,0.008006469267625212,0.0016662512228074766
A_12,9,0.5,0.18272,0.001126578072576347,0.007070708488686297,0.001612454198473648
A_13,13,0.32051282051282054,0.198746954403063,0.014645981244685986,0.0147229677491383,0.0022004445787147807
A_14,12,0.3484848484848485,0.1890728476821192,0.010186819098180318,0.009919550974050374,0.002072608853729392
A_15,8,0.5357142857142857,0.1761801912989818,0.0004998414198194443,0.005353833306306587,0.001476350805323979
A_16,7,0.5714285714285714,0.17984251968503936,0.0006686485273284295,0.004762024367665797,0.0012648475512022385
A_17,9,0.4444444444444444,0.18248641738574625,0.003199019637166453,0.00827386985422107,0.0017101252642075422
A_18,8,0.4642857142857143,0.17440439828955406,0.0009880817354090818,0.007089412697645316,0.001467475000455558
A_19,6,0.5333333333333333,0.17070254110612856,0.0004185327603398043,0.0087914003526433,0.001158272461129651
A_20,8,0.4642857142857143,0.1872745162348311,0.0017499347514179555,0.015258877254936704,0.0013806715516784772
A_21,13,0.358974358974359,0.19554794520547944,0.011684820763553717,0.028058446435934862,0.0020307895926967934
A_22,15,0.4380952380952381,0.19382213170400542,0.005142208576457681,0.04114666537880937,0.002129334832693045
A_23,11,0.5454545454545454,0.19494708091498805,0.0025768883896632685,0.03507944040191848,0.00169688226184357
A_24,14,0.38461538461538464,0.22012336160370086,0.018972457150695336,0.04512103066153916,0.0018116478671967437
A_25,16,0.43333333333333335,0.21274217585692995,0.016059428259442506,0.05214596631841721,0.0022142615780182135
A_26,15,0.45714285714285713,0.2034200213751336,0.006237774744865056,0.048601689423161044,0.002169340515175702
A_27,12,0.42424242424242425,0.2158790170132325,0.013161416565619683,0.04024466459208748,0.0017346715305301956
A_28,15,0.3904761904761905,0.22858286629303443,0.016191746364554175,0.05010109674918845,0.0021922778577566655
A_29,14,0.38461538461538464,0.22313403673309887,0.017049563547819415,0.04329848293911739,0.0021086534174697457
A_30,13,0.3333333333333333,0.20961820851688692,0.01211552763575388,0.03133650853122283,0.0019229906459194456
A_31,14,0.3956043956043956,0.22613861386138615,0.015478531698755155,0.03358717177442829,0.0018953588138594846
A_32,14,0.37362637362637363,0.230149133413946,0.017687339666024673,0.03013289860276837,0.0022444413245046833
A_33,13,0.3717948717948718,0.2215754753589445,0.016626527269402936,0.02183211264278298,0.002111978624749605
A_34,11,0.4909090909090909,0.21054572271386432,0.0030525082849756063,0.020258288220917034,0.001773797849467104
A_35,14,0.3956043956043956,0.22140364482357502,0.019385651427125183,0.024303293932613768,0.001644454787973842
A_36,10,0.4222222222222222,0.21902570003835828,0.006375998386455762,0.014887199453647259,0.001663249833665201
A_37,12,0.3787878787878788,0.21810542398777694,0.018099892141382024,0.013696506059594809,0.0018328976529312683
A_38,11,0.32727272727272727,0.2139378044211315,0.008978099242955496,0.00933794921254349,0.0016351760688672612
A_39,12,0.3484848484848485,0.21969988457098885,0.010883504860660257,0.011499870229192391,0.0018983707875187344
A_40,9,0.4722222222222222,0.20756088695019992,0.002699364538902795,0.006794170904240425,0.0015414340649139925
A_41,12,0.3787878787878788,0.21054572271386432,0.006987991057743011,0.007142415388367021,0.001903662461461739
A_42,10,0.3333333333333333,0.21226765799256506,0.022113587711260395,0.005409647193835956,0.0015582225594327295
A_43,8,0.42857142857142855,0.19750951227948807,0.0034393903395116853,0.003829983613131107,0.0015444237209616366
A_44,9,0.3611111111111111,0.19428376998979244,0.0100471860263708,0.0038162305050953534,0.0016174841426236652
A_45,5,0.5,0.172143503165511,0.0002851854981043969,0.0018719287421315191,0.001108430746580803
A_46,8,0.39285714285714285,0.18696791093647674,0.004347507675550165,0.006386959984578286,0.0016705117981449347
A_47,9,0.3888888888888889,0.1867233485938522,0.005424909099694002,0.007287271456399711,0.001593586257154703
A_48,10,0.35555555555555557,0.19428376998979244,0.006859115721209207,0.01147220221253054,0.0017050109652836023
A_49,6,0.4666666666666667,0.16913507109004738,0.0005351018862318837,0.003866764609454425,0.0012662623528499337
A_50,6,0.4,0.17678018575851392,0.0013652501581748176,0.005799989888301636,0.0012144298363059042
A_51,7,0.42857142857142855,0.1670567583382095,0.0007744368465226356,0.008509427473607434,0.0012754529466931198
A_52,10,0.4444444444444444,0.1784375,0.0014623700062525462,0.011210318293667533,0.001835632885312878
A_53,7,0.5714285714285714,0.1688849452824608,0.0003147498214423391,0.011027012609461788,0.0012780219904551453
A_54,10,0.4444444444444444,0.18081063964534516,0.0022413319991956074,0.014863240079974962,0.0016184755097235289
A_55,15,0.3333333333333333,0.19655765920826163,0.012660412747593728,0.029774521146376874,0.0023504890284423144
A_56,14,0.42857142857142855,0.18313021167415008,0.004944886719373655,0.03536492566633828,0.0021429328265076602
A_57,10,0.5111111111111111,0.18178923909582936,0.0015456287839489527,0.025727847697262784,0.0015758829590078944
A_58,11,0.509090909090909,0.18532943849399547,0.002097317310205223,0.031034501677733778,0.0017329966530003579
A_59,17,0.4338235294117647,0.20763636363636365,0.012563316752796368,0.05317485487430121,0.00242375097609517
A_60,14,0.5054945054945055,0.18635770234986945,0.0028957499529017427,0.04014495751873105,0.0021528499186420384
A_61,10,0.5111111111111111,0.18641854391119816,0.0032828327659422925,0.025395458283782334,0.0016114845900761952
A_62,11,0.509090909090909,0.1893236074270557,0.004759954816194561,0.027822440060514486,0.001723916732703365
A_63,13,0.44871794871794873,0.1977146814404432,0.011328696313411242,0.03226339679049303,0.0020370181775545837
A_64,11,0.45454545454545453,0.1762889780796542,0.003754375085993819,0.020658580048336504,0.0016997208650910791
A_65,10,0.4222222222222222,0.18272,0.01094787547721265,0.012835734465142194,0.0017188717371082918
A_66,9,0.5,0.18029681086201452,0.0027892188336242755,0.010837032647754583,0.0016373532879882936
A_67,10,0.4222222222222222,0.18155802861685214,0.004177118544216491,0.00966344826093444,0.0015117546080440167
A_68,10,0.4444444444444444,0.1701430274135876,0.0029270832117309865,0.006813923888949437,0.0015507430174168072
A_69,13,0.34615384615384615,0.17916535927204266,0.0074390851030885635,0.006794318548483626,0.00233319579388251
A_70,11,0.34545454545454546,0.18029681086201452,0.008007096120320134,0.0068047528244249735,0.0019504895230254733
A_71,7,0.5714285714285714,0.1688849452824608,0.0003823754407743042,0.003259579073201281,0.001350706613123885
A_72,10,0.4444444444444444,0.1646482122260669,0.0016988770131177798,0.0032419876341334567,0.0017713938150217695
A_73,9,0.3611111111111111,0.16908498667456323,0.003954161360813838,0.0031652409108301805,0.0017311966712211986
A_74,5,0.6,0.1538668822419833,0.0002379768301038245,0.0010442116753069026,0.0010997772057120647
A_75,8,0.4642857142857143,0.1562671045429666,0.0005946394573976567,0.001668879350358788,0.0015232730871257026
A_76,12,0.36363636363636365,0.17334547662416516,0.006119644484080489,0.003838313900091333,0.0021815054316064834
A_77,8,0.5,0.16978887897710376,0.000959552082765809,0.0024049686927441645,0.001525583715955008
A_78,7,0.5714285714285714,0.1576912455122894,0.00036521465040940953,0.0018670873689242097,0.0012320322138165533
A_79,11,0.38181818181818183,0.16652085156022164,0.003273852549217447,0.0035137039752917215,0.0018696714902684658
A_80,13,0.3333333333333333,0.18202103920943577,0.012406348597381536,0.005953255709412938,0.002243270023290957
A_81,10,0.4444444444444444,0.1742979242979243,0.0026663723617361378,0.0040581989859847225,0.0016038071934609478
A_82,8,0.5,0.17694453052370623,0.003798165196109613,0.0035925311939891263,0.0014448688461786894
A_83,9,0.5555555555555556,0.18150031786395424,0.00160964440171883,0.004861708201938236,0.0016092369935492466
A_84,14,0.42857142857142855,0.1895750332005312,0.005474339021846605,0.008373685178999337,0.0020920381968057107
A_85,12,0.45454545454545453,0.18544982137057486,0.0033287189638202775,0.007287386893903955,0.0019145687066684772
A_86,11,0.509090909090909,0.19297059817505915,0.006628687884048637,0.0071995753334323145,0.0018556451992254221
A_87,14,0.42857142857142855,0.19812630117973629,0.005524113975644341,0.00997488018215432,0.0022113344343092037
A_88,17,0.38235294117647056,0.20847024461482294,0.014300717146168967,0.013676176027600564,0.002469562107387328
A_89,10,0.5555555555555556,0.19548099965765148,0.0017765009070328846,0.008606137944798652,0.0016770140233078985
A_90,9,0.5833333333333334,0.19026991002999,0.002221767513989959,0.006636389641144657,0.0015789318101090937
A_91,10,0.4666666666666667,0.20378301213418987,0.014210752718396131,0.007132306501702485,0.0016189133737432042
A_92,13,0.41025641025641024,0.21039056742815032,0.008671905100482623,0.012386880676405611,0.002048241503936436
A_93,10,0.3111111111111111,0.21744097486671743,0.01173757630389931,0.008407598590526458,0.0016155371197047786
A_94,11,0.2727272727272727,0.22776226565616275,0.017650933403060245,0.00990964374610593,0.0016113436062072737
A_95,8,0.39285714285714285,0.21242559523809523,0.003307073027483298,0.005816718478419462,0.0014412257145827352
A_96,8,0.4642857142857143,0.21852277076157672,0.0034536061347916385,0.006723551455272315,0.0014095717229211282
A_97,10,0.37777777777777777,0.22080433101314773,0.007222989361632135,0.009557184752923375,0.001521028905888211
A_98,10,0.4444444444444444,0.22533543804262035,0.007972742302610705,0.010617340917331986,0.0017055565565252658
A_99,11,0.4,0.22640761300555115,0.008578987757167793,0.012835808946169388,0.0016822436190370889
A_100,11,0.38181818181818183,0.22622820919175912,0.007255482708308831,0.01721071024404248,0.0017962929571980419
A_101,12,0.4090909090909091,0.23164300202839758,0.008878593980607898,0.026256359688641335,0.0019188884504505296
A_102,13,0.358974358974359,0.2359504132231405,0.020015612898409932,0.02310687316541498,0.0017955900361623963
A_103,11,0.36363636363636365,0.2441214194100043,0.024133953055574628,0.026298331987523602,0.0016206350335119988
A_104,13,0.41025641025641024,0.23663489432242021,0.015786716677907126,0.03656191202147407,0.0017803941142368854
A_105,13,0.3974358974358974,0.232776192417448,0.014125797039114941,0.040644179249291264,0.001937352206354095
A_106,13,0.32051282051282054,0.24082665541965415,0.02276217242794104,0.03669540690197641,0.0018930175760401733
A_107,14,0.3626373626373626,0.23536685902720528,0.014220716697616318,0.04755296617854139,0.0020104644055462164
A_108,13,0.3717948717948718,0.22785315243415802,0.012497096924378132,0.04361325758315661,0.0016933784196444875
A_109,11,0.4,0.22569169960474308,0.010455559355294596,0.034017422353255326,0.0018097623748098575
A_110,15,0.4095238095238095,0.23005640612409348,0.0158754969342171,0.04912271693227052,0.0022339724394793868
A_111,15,0.42857142857142855,0.2125837676842889,0.007068175310811597,0.04230044195947666,0.002143182626630268
A_112,10,0.4888888888888889,0.20451289398280803,0.0013771821977357815,0.028145538060385507,0.0014176153511067091
A_113,11,0.43636363636363634,0.20923415170392085,0.008657749331830654,0.025830490161522217,0.0018986661584128308
A_114,11,0.45454545454545453,0.19992997198879553,0.0028002458498272973,0.026923889215709675,0.0017212403379084254
A_115,6,0.5333333333333333,0.18086791257522966,0.00033898987823066304,0.00968724679208852,0.001176575731049088
A_116,8,0.4642857142857143,0.19071476285905142,0.0010585944739775136,0.01284927482445196,0.0013081996029959148
A_117,14,0.31868131868131866,0.21522804372408594,0.017010848040806586,0.03063708470669523,0.0022380957317342147
A_118,8,0.5,0.19723661485319516,0.001063606898957363,0.014762556593887506,0.0012123146701612801
A_119,11,0.41818181818181815,0.21869015702795863,0.011513236076007873,0.034007937181050656,0.0017155095210102146
A_120,12,0.3939393939393939,0.21401799100449775,0.016524572423958817,0.030023041678530524,0.001816406990743171
A_121,14,0.38461538461538464,0.20984932010290333,0.010930892379069869,0.02460912646410204,0.002232269379090261
A_122,12,0.42424242424242425,0.22200622083981336,0.006195093555976887,0.027314584236133543,0.0017488877119285092
A_123,12,0.4090909090909091,0.2205484743144071,0.012091350352272203,0.029511353095068055,0.0018692009840953255
A_124,15,0.38095238095238093,0.21124676285608582,0.012119176795261111,0.021968605203530268,0.0020362295315582398
A_125,13,0.3974358974358974,0.2215754753589445,0.01141863784092148,0.021602255283313485,0.0020573996710069823
A_126,13,0.34615384615384615,0.23080032336297493,0.019196950371018068,0.024507838489204133,0.001884725978389776
A_127,10,0.4444444444444444,0.2064352856109906,0.0032129686659108712,0.013075474489852466,0.0015949501513153215
A_128,12,0.3939393939393939,0.2072595281306715,0.00656386275043554,0.013528170207617323,0.0019971312611966356
A_129,10,0.4666666666666667,0.2119524870081663,0.0036993001392655617,0.011532553249326831,0.0017034208987322637
A_130,11,0.41818181818181815,0.21498493975903615,0.006979801798056377,0.011305146966318411,0.0017360108924093188
A_131,9,0.5,0.1933626820182865,0.0015325059165575635,0.007051113150925329,0.0014559867389515506
A_132,11,0.36363636363636365,0.19703243616287094,0.010271359611790511,0.007534226317474024,0.001878046100471349
A_133,12,0.36363636363636365,0.21401799100449775,0.017569954268866914,0.010007077452215133,0.00185251091800484
A_134,9,0.5,0.19232064668238463,0.0009608340039952431,0.005954886674446393,0.0015779312435311482
A_135,12,0.36363636363636365,0.19448228882833787,0.008347467821867403,0.006695791817363651,0.0018987344166109534
A_136,15,0.37142857142857144,0.2007735583684951,0.010903710398117895,0.009378808586878661,0.0021729603208072096
A_137,12,0.3939393939393939,0.2024822695035461,0.004957248661501044,0.008444338266306452,0.0019519202576136004
A_138,11,0.41818181818181815,0.19642242862057105,0.005669639245510971,0.007708987288314235,0.00177409346580722
A_139,10,0.4444444444444444,0.19528043775649795,0.003509724307565253,0.007276727529949879,0.0016276393629737584
A_140,11,0.38181818181818183,0.20112715744980628,0.004031070331312424,0.011950868045529344,0.0016349433435112308
A_141,8,0.35714285714285715,0.21171672228401928,0.010052602534190562,0.01379198006019813,0.0011510952148734554
B_2,4,0.3333333333333333,0.17255968570565125,0.0006072661147481853,0.002040119808588059,0.0008778549317087825
B_3,10,0.37777777777777777,0.18029681086201452,0.004772264391938061,0.005961251607224639,0.0017701574903934859
B_4,7,0.5238095238095238,0.16370412844036697,0.0005418253431782993,0.00226738616507302,0.001336326795476918
B_5,7,0.6190476190476191,0.1646482122260669,0.0004739976614979292,0.002395005727360138,0.001352130666490701
B_6,8,0.5714285714285714,0.16666666666666666,0.0005149306784054257,0.002923692572894353,0.0015566823006440032
B_7,12,0.42424242424242425,0.1867233485938522,0.008572036997302596,0.007599183523706419,0.0021257352035256526
B_8,11,0.4727272727272727,0.1768897149938042,0.00196332919839126,0.005416354856275047,0.0019681833897239485
B_9,9,0.5,0.16978887897710376,0.0009363633423205952,0.0036400514585668594,0.0015897354882657352
B_10,11,0.43636363636363634,0.1883866710656549,0.006067852706661818,0.0066223201360554405,0.0020161225626504267
B_11,12,0.3939393939393939,0.19415164909894594,0.010704165619158688,0.008229177170658311,0.002147602678094652
B_12,10,0.4,0.17360899969595622,0.005917606765475433,0.004870672556750099,0.0016498194532299627
B_13,9,0.5,0.17054958183990443,0.0017820727673865677,0.0040228018297233615,0.0017672884997962162
B_14,9,0.5,0.17743940335612182,0.0036321777670396778,0.005737362713990501,0.0018363119140418216
B_15,8,0.5357142857142857,0.1772191185599007,0.0019015544127337278,0.005208675868456282,0.0016995336742884626
B_16,7,0.5714285714285714,0.16730149428655142,0.0007816052191572521,0.004551549296393492,0.0013413940685065605
B_17,7,0.47619047619047616,0.16531557614360162,0.0015917504791420733,0.007584649042343474,0.001309524263992668
B_18,8,0.35714285714285715,0.1862969004893964,0.009545411254971702,0.025271521423452126,0.0015684358819933939
B_19,7,0.42857142857142855,0.1826031339942437,0.0028056868179927507,0.04317717222298962,0.0011462320647253085
B_20,11,0.45454545454545453,0.1887603305785124,0.003927544883607078,0.08832672506702388,0.001718421440586133
B_21,13,0.5128205128205128,0.1895750332005312,0.0024284012659747532,0.1352578054796764,0.0018825577068821533
B_22,10,0.5555555555555556,0.18963799402191964,0.0014745097533935736,0.10695601807314925,0.001576673457979377
B_23,15,0.38095238095238093,0.21409823772028497,0.028815421571996548,0.139280680356714,0.0021364767894781053
B_24,17,0.4632352941176471,0.20091484869809992,0.008376606333694591,0.1829628330695005,0.0023354923049160644
B_25,16,0.475,0.20141093474426808,0.004659634544540491,0.18286784934711306,0.002237684899744496
B_26,13,0.46153846153846156,0.21636983705949223,0.012276012660530387,0.14337292581722155,0.0017961189941233286
B_27,14,0.3956043956043956,0.2289494787489976,0.014366964825582302,0.13233124504827615,0.0021163581812513217
B_28,14,0.42857142857142855,0.22295978133541586,0.016682085946314054,0.14706332287490087,0.0020058341272703867
B_29,14,0.42857142857142855,0.21409823772028497,0.01098400641834153,0.136697896660534,0.0019421733869670957
B_30,12,0.36363636363636365,0.22803514376996806,0.012489357231876663,0.08755342176063148,0.0016777829922884667
B_31,14,0.3516483516483517,0.2330612244897959,0.021221433417745135,0.0794825081832328,0.0022270412780729496
B_32,13,0.38461538461538464,0.2236584410497454,0.017753540618706994,0.0667197169128073,0.0021085936328339334
B_33,14,0.34065934065934067,0.22114639814097597,0.015623432442447592,0.062095777654451595,0.002164818629830598
B_34,12,0.3939393939393939,0.22489168964159117,0.011465095315211381,0.04442041291880565,0.0017826502254156557
B_35,10,0.4444444444444444,0.22703777335984096,0.010073457269193217,0.03371805772837986,0.0013734233556777263
B_36,11,0.41818181818181815,0.22003853564547207,0.00869616976706435,0.03315157190527278,0.0017649312091734843
B_37,14,0.31868131868131866,0.2215754753589445,0.020213455096388874,0.02336898808893526,0.0018790444210983878
B_38,13,0.2948717948717949,0.22876602564102563,0.023333869488452213,0.028038619630728064,0.0019085496419635666
B_39,10,0.35555555555555557,0.2058399423215573,0.008224930040670474,0.018836301676737402,0.0016370604838746236
B_40,10,0.35555555555555557,0.20112715744980628,0.0054914974695989965,0.010576251439991873,0.0016667637008010204
B_41,7,0.42857142857142855,0.2034200213751336,0.012432487159239657,0.007094655026619879,0.001369262877005445
B_42,8,0.42857142857142855,0.19676085458304618,0.005593664108689476,0.009469706572467597,0.0015891063972766444
B_43,8,0.39285714285714285,0.18490932642487046,0.0047152500817064895,0.00900392983228698,0.0015442369765783245
B_44,5,0.5,0.1708557749850389,0.0004820168224713075,0.006102453698496998,0.0010572981716596313
B_45,10,0.3333333333333333,0.18490932642487046,0.004621908307883904,0.03165068743930622,0.0017874093025457222
B_46,8,0.39285714285714285,0.1788286877544629,0.0016623257625112146,0.02042302801720027,0.0014123738686931918
B_47,8,0.5,0.17183268131206741,0.0004660999304843036,0.025017645612716605,0.001390763126525193
B_48,11,0.38181818181818183,0.19323181049069374,0.007515818132130986,0.03161129882781698,0.0018518118675034045
B_49,7,0.6190476190476191,0.1778816199376947,0.0005292040142605847,0.020457709472665488,0.0012224158268502416
B_50,8,0.5357142857142857,0.1866013071895425,0.000694824765358962,0.02578946466750959,0.001339503006283174
B_51,11,0.38181818181818183,0.20212389380530973,0.01208240079271643,0.039036501766420144,0.001862805717263517
B_52,7,0.5714285714285714,0.18202103920943577,0.0004976825936711141,0.029459711233749457,0.0012425423586099836
B_53,11,0.4909090909090909,0.18581191018548648,0.00122322285600216,0.04120537663608615,0.001954640094670391
B_54,15,0.3523809523809524,0.19930191972076788,0.008891200975412785,0.07290871612971953,0.002480187625034202
B_55,13,0.3717948717948718,0.19923237962316817,0.006753564259891686,0.10165404105243984,0.0019802596390427907
B_56,9,0.5,0.1805248182105596,0.000866882606252621,0.05883690779402754,0.001402684158451132
B_57,13,0.3974358974358974,0.18342434950208802,0.003236138533106278,0.07011022826152877,0.0018205514518512568
B_58,7,0.5714285714285714,0.17009234435507894,0.00033274982273144056,0.05240254089506289,0.0012446720507629518
B_59,9,0.4444444444444444,0.1768897149938042,0.0017843229387888323,0.06225602558293302,0.0015329065307251022
B_60,15,0.3904761904761905,0.19382213170400542,0.006286631808359086,0.13158143905912323,0.002257185529939951
B_61,18,0.38562091503267976,0.20028060329708874,0.009370229059286373,0.18030212371009915,0.002489926857942113
B_62,10,0.5111111111111111,0.17488514548238898,0.0010042981875149357,0.10302983303094503,0.0015629842616027723
B_63,12,0.5151515151515151,0.19297059817505915,0.0027817946273807842,0.13142841783988093,0.001798723160908288
B_64,17,0.45588235294117646,0.2038557657979293,0.009919030823257981,0.19073389292423434,0.002331993999276872
B_65,15,0.5047619047619047,0.1893236074270557,0.002750565333634542,0.1574642144450225,0.002228575249498114
B_66,11,0.5272727272727272,0.17849327914973429,0.001947611520102789,0.10567960508277144,0.001664792977161554
B_67,10,0.5333333333333333,0.1849692257855523,0.0035614731221879593,0.09044256998838382,0.0016080901850088335
B_68,13,0.48717948717948717,0.1947476125511596,0.007634700060025015,0.11174863246280689,0.002041688573511861
B_69,12,0.4696969696969697,0.1830128205128205,0.0047063608499218505,0.08735679560614681,0.001776961935597815
B_70,9,0.5,0.17585463504773638,0.002669110517630706,0.04426316148117201,0.0015688547919642277
B_71,10,0.4222222222222222,0.19065108514190318,0.00977740522342776,0.03851081631326006,0.001760927214074834
B_72,10,0.4444444444444444,0.1778816199376947,0.004357401234615857,0.03749972900675856,0.0014910934491077334
B_73,9,0.5,0.17054958183990443,0.002032336062130866,0.022295776504452827,0.0015293841572154973
B_74,13,0.34615384615384615,0.1849692257855523,0.011113163739825564,0.019920557277909055,0.001981472640411053
B_75,9,0.4166666666666667,0.17297788548924567,0.005332186236625054,0.012796804982235977,0.0016484532724178646
B_76,7,0.5714285714285714,0.16735052754982416,0.0005486339947456336,0.009344964664719563,0.001339700243182027
B_77,10,0.4222222222222222,0.16541135573580534,0.0018866474827946365,0.008509740607573812,0.001763148003366268
B_78,9,0.3611111111111111,0.17678018575851392,0.006164997869791605,0.007132603017076448,0.0016910953224134025
B_79,5,0.6,0.15936366173597544,0.00031767486320460013,0.0027050053505634614,0.0010513238935339745
B_80,8,0.4642857142857143,0.1636103151862464,0.0004985100338437043,0.0047107914811526245,0.0014360459990549069
B_81,13,0.38461538461538464,0.1826031339942437,0.00527986858630263,0.010942710712240893,0.002128016205204355
B_82,12,0.4696969696969697,0.18295418135213073,0.0025923588807506377,0.010453451378801994,0.001802939470207243
B_83,8,0.6071428571428571,0.16193987521270561,0.00031064505866287644,0.0061213384619896736,0.001328670237099695
B_84,11,0.43636363636363634,0.16666666666666666,0.0021688696131332663,0.008708289073819242,0.0016835247276457907
B_85,13,0.4358974358974359,0.18587239583333334,0.0062840638041588275,0.01184128828830457,0.0020933633417183142
B_86,13,0.44871794871794873,0.17574638350261618,0.0018326019434244784,0.009620033212385217,0.002006421198454911
B_87,8,0.5,0.16878510198049068,0.0011549608736633433,0.004977575913172523,0.0012975828294872606
B_88,9,0.5277777777777778,0.17944688874921433,0.0012044284978673897,0.0060174743823240145,0.0015746716068560799
B_89,15,0.41904761904761906,0.19161073825503355,0.005683149875652104,0.010507334126735695,0.0021989689858143285
B_90,12,0.4393939393939394,0.18121231355125356,0.0024623785093092687,0.006297687294939655,0.0019794917841036664
B_91,10,0.5111111111111111,0.17282082324455206,0.0010873012170860878,0.004581375924540438,0.0016705181119125718
B_92,12,0.4393939393939394,0.19077848312729703,0.006455607644655067,0.006330423175956099,0.0020230394214362183
B_93,16,0.3333333333333333,0.20021037868162692,0.012039280004343877,0.008290187479137184,0.002329504913471774
B_94,9,0.5555555555555556,0.18155802861685214,0.0007889904595559286,0.0038414300604555605,0.0016057094647481318
B_95,8,0.6428571428571429,0.17509966268015947,0.00046316184462609006,0.003267335753395745,0.001494637200635695
B_96,8,0.6071428571428571,0.1837785645317026,0.0009926132276030033,0.003288160774445729,0.001442044687590712
B_97,11,0.4,0.2016955139526669,0.009663051665355672,0.004998489646448772,0.001825167856524814
B_98,10,0.3111111111111111,0.20915750915750916,0.017132146817703055,0.006571571291006417,0.0016401680873138578
B_99,12,0.2878787878787879,0.22183372183372183,0.015079994921981288,0.009184366858464596,0.001732995605602925
B_100,11,0.3090909090909091,0.2193622742988859,0.00997853161577407,0.012265308351654219,0.0017708261232474397
B_101,9,0.3611111111111111,0.2232212666145426,0.010956107192003288,0.011304098585381261,0.0014713623288565537
B_102,10,0.35555555555555557,0.22931726907630523,0.016781436242742632,0.017083434984086557,0.001493856707368769
B_103,11,0.4,0.22587025316455697,0.018969022397313,0.02048064769228766,0.0018297114850542818
B_104,12,0.4090909090909091,0.23117408906882592,0.008852213786083075,0.023579502436914278,0.001773460316080606
B_105,10,0.4444444444444444,0.23249185667752442,0.006520355733650791,0.02944572253106143,0.0016202393250550702
B_106,12,0.3787878787878788,0.23536685902720528,0.01751399876581788,0.05497841369284914,0.0019324050178814636
B_107,13,0.38461538461538464,0.23183110028420625,0.01250950286679986,0.034831433636410586,0.0018032407017298875
B_108,12,0.3484848484848485,0.24569707401032703,0.027782783915409684,0.036100049564255186,0.00159445081032942
B_109,12,0.3939393939393939,0.236047953699876,0.013240281267261133,0.05829317340562031,0.0019219942279641781
B_110,11,0.41818181818181815,0.23005640612409348,0.009731949398697828,0.05592781605764429,0.0018193505372528713
B_111,13,0.32051282051282054,0.23791666666666667,0.021449181743933864,0.043639616140376675,0.00189074889950381
B_112,12,0.4090909090909091,0.23851294903926482,0.011677530655174576,0.04621616276714076,0.0015040706838568686
B_113,13,0.34615384615384615,0.22996375352396295,0.030429900393113385,0.07186220646936617,0.002011721867192259
B_114,11,0.45454545454545453,0.21969988457098885,0.00391169879021797,0.0371350290471674,0.0018230797235487882
B_115,15,0.41904761904761906,0.22667725287812623,0.010092402305512792,0.048949605301348086,0.0022482989777966437
B_116,15,0.41904761904761906,0.223046875,0.00977343672016325,0.047288369092456935,0.0019367080069929788
B_117,9,0.5555555555555556,0.20241049273307338,0.0012439215291688865,0.029053169870780073,0.0013428763549412487
B_118,10,0.5555555555555556,0.1989547038327526,0.0010038095499115686,0.025605770096406286,0.0016408040631457677
B_119,13,0.47435897435897434,0.2035650623885918,0.002808375544486496,0.03395942875264467,0.0017581354136025154
B_120,9,0.4722222222222222,0.19554794520547944,0.0011482496183882853,0.01973232515871487,0.001406885997226593
B_121,6,0.5333333333333333,0.17984251968503936,0.00033737149938005656,0.010162814275794877,0.001139312754348182
B_122,12,0.36363636363636365,0.2097722263041881,0.010517362005317997,0.025506447017550102,0.0019257171226039183
B_123,8,0.42857142857142855,0.19595058339052848,0.0019160482598313466,0.011849146170420695,0.0013093490134694148
B_124,12,0.4090909090909091,0.21628787878787878,0.015584898261913399,0.02322355308782315,0.0017236154592122524
B_125,11,0.4727272727272727,0.20923415170392085,0.00849785696144976,0.01743431265806502,0.0016974841346495332
B_126,12,0.3939393939393939,0.20658465991316932,0.013654241496024318,0.015849604853192603,0.002073436943648729
B_127,13,0.41025641025641024,0.22392156862745097,0.009061267775425827,0.024149831111723648,0.001856131616407449
B_128,13,0.4358974358974359,0.2171102661596958,0.007210896021729667,0.021724281827690813,0.0019547132772688054
B_129,15,0.3619047619047619,0.20673425054308472,0.014478570602026713,0.01811243186750534,0.002377475994091514
B_130,11,0.4,0.2159606656580938,0.009237304836996977,0.017831688941373193,0.0016414878459614646
B_131,13,0.38461538461538464,0.2255134281200632,0.01441344928515558,0.024664428788766388,0.0018611000647323816
B_132,12,0.36363636363636365,0.20680912712785224,0.011477727708270642,0.015372534071519143,0.0018305232492178156
B_133,11,0.36363636363636365,0.20190947666195191,0.014236115549612552,0.013645272048931017,0.0018688634787670346
B_134,12,0.4090909090909091,0.22506897910918408,0.01621772665814928,0.020176549446006962,0.0018862483611875817
B_135,11,0.43636363636363634,0.21163825055596738,0.004628754120208495,0.016744141495004656,0.0017757189674153387
B_136,10,0.4444444444444444,0.19937150837988826,0.005032672465015081,0.012157375719417527,0.0015362931757883097
B_137,15,0.3142857142857143,0.21116863905325445,0.02671819900575908,0.020007595762477695,0.0023943619789987074
B_138,13,0.3974358974358974,0.21401799100449775,0.009055160528334603,0.018256522278421734,0.0021744721398207403
B_139,10,0.4888888888888889,0.1875821287779238,0.0010940680111169755,0.01087058201142424,0.0014036710158377823
B_140,16,0.4083333333333333,0.18857331571994715,0.0063030048739272275,0.014691666422218001,0.0024669210969502546
B_141,16,0.35833333333333334,0.20313055852009962,0.014218245377392273,0.015348205305884056,0.0024934060898306578
B_142,11,0.43636363636363634,0.19655765920826163,0.002901464033235946,0.009850733258614507,0.0017547609843603126
B_143,10,0.5333333333333333,0.1817313812858052,0.0014572245686761331,0.008349704579340594,0.001594053067785276
B_144,11,0.4727272727272727,0.18901026150281364,0.002198518221969178,0.008078873166477488,0.0017505179729127532
B_145,11,0.34545454545454546,0.19716850828729282,0.01113711510570053,0.007185714662402841,0.001682182766511515
B_146,6,0.4,0.19303583502366464,0.0016084032554348135,0.004088154955449738,0.000980821331298679
C_1,6,0.2,0.17766023646546358,0.003230837659856424,0.003074483943551089,0.0010352616855248131
C_2,11,0.38181818181818183,0.1862969004893964,0.003395432480334502,0.008747077996833389,0.0018219882295331838
C_3,7,0.5238095238095238,0.1731877464361541,0.0011683612609765328,0.0040915582710111175,0.0012273568043084664
C_4,7,0.6190476190476191,0.1697384066587396,0.0003618700270352544,0.0044318990008797125,0.001346700681726262
C_5,8,0.5714285714285714,0.1782147315855181,0.0004284158734724294,0.005803619584811634,0.001445005987414336
C_6,14,0.4175824175824176,0.19554794520547944,0.00591732751769813,0.014794743512445337,0.002172155492869471
C_7,13,0.3717948717948718,0.18745896257386738,0.008154471303288736,0.01034655797428719,0.0020764611716112
C_8,9,0.5,0.1741915802318487,0.0005437977806686727,0.007281687032162651,0.0014931935333688557
C_9,13,0.3974358974358974,0.2006324666198173,0.00960630639392549,0.01609326012282122,0.0018971053458362998
C_10,15,0.37142857142857144,0.20049157303370788,0.01151612490219983,0.016182890929355716,0.0023521633279030736
C_11,11,0.41818181818181815,0.18425298483381736,0.0043201763281862,0.008653640455702894,0.0017558888600267995
C_12,9,0.5277777777777778,0.18126984126984128,0.0008657820497466814,0.007439278122483574,0.0015889669274879352
C_13,13,0.34615384615384615,0.2,0.013398062375516231,0.015144674042643783,0.002173186232240363
C_14,11,0.4,0.18472986088644452,0.005010282496212438,0.008512301602733925,0.001920187335500405
C_15,9,0.5277777777777778,0.17944688874921433,0.0013408739499193964,0.0068357612385851136,0.001551580184785212
C_16,8,0.4642857142857143,0.18770545693622617,0.004178706961608602,0.006879577110858698,0.0013541065916287465
C_17,9,0.4166666666666667,0.18342434950208802,0.004270917179407196,0.009092636289193603,0.0016863010514900731
C_18,8,0.42857142857142855,0.17743940335612182,0.0017791836291325192,0.00787900493741613,0.0014386690899029799
C_19,6,0.5333333333333333,0.17054958183990443,0.00046880115725273864,0.009667601343424094,0.0011495096629698244
C_20,8,0.4642857142857143,0.18733595800524935,0.0015854512192733838,0.016485547125244266,0.0013824813425269732
C_21,13,0.41025641025641024,0.19521367521367522,0.008248581395120656,0.03356836013849095,0.0019940603434769155
C_22,15,0.44761904761904764,0.19349373093866487,0.004870114326738738,0.04459080629421634,0.0021504839100465567
C_23,11,0.5636363636363636,0.19428376998979244,0.00196981658482821,0.03764429815463472,0.0016930219164392043
C_24,14,0.3956043956043956,0.22003853564547207,0.017846817368430738,0.047622120097849885,0.0018038441973455793
C_25,17,0.4264705882352941,0.2128214685054044,0.016051163316380825,0.05736526582741394,0.0023099105449216565
C_26,15,0.4666666666666667,0.20349251603706345,0.005999875026055636,0.051627419097513436,0.0021557455527226183
C_27,12,0.42424242424242425,0.21628787878787878,0.01321482095974539,0.04195500533371385,0.001728705446101073
C_28,15,0.3904761904761905,0.22849139655862344,0.015803637129624345,0.051725714807518156,0.002182234795055458
C_29,14,0.38461538461538464,0.2232212666145426,0.017157069229503087,0.0448787284466169,0.0021023828607162186
C_30,13,0.32051282051282054,0.2093108504398827,0.013633709142652849,0.03196234789370641,0.0019110717261003214
C_31,14,0.3956043956043956,0.22506897910918408,0.012309797662770908,0.03371927621760837,0.0018972334194406598
C_32,14,0.37362637362637363,0.22968624296057924,0.017738782351503897,0.030468821365542912,0.00224346502616545
C_33,12,0.4393939393939394,0.22046332046332046,0.010388731663548543,0.021309408434478917,0.001966891207391671
C_34,11,0.4909090909090909,0.21101256467110124,0.002786796227743901,0.020154490098384197,0.0017775419877463423
C_35,14,0.3956043956043956,0.22174757281553398,0.018100436453991824,0.023616395943696654,0.0016423643576502951
C_36,11,0.41818181818181815,0.21835564053537285,0.008056919787371048,0.0154207402546616,0.0017716814496760932
C_37,12,0.3939393939393939,0.21860643185298623,0.01781842996713443,0.013883618731307378,0.0018352171977108582
C_38,11,0.34545454545454546,0.2139378044211315,0.007864783210628645,0.009636159480221456,0.0016308465388095719
C_39,12,0.36363636363636365,0.21927803379416283,0.009130763453313873,0.011775974639910237,0.0018991168898715215
C_40,10,0.4666666666666667,0.20771189523463077,0.0030453304822722475,0.008055123886659053,0.0016483056493739145
C_41,12,0.3787878787878788,0.21116863905325445,0.009785560117698688,0.007509793962255519,0.0019014135795136652
C_42,9,0.3888888888888889,0.21109057301293901,0.012650806703736658,0.005163874096958164,0.0014619770440812468
C_43,9,0.3611111111111111,0.1986086956521739,0.00667285755317347,0.004780343623989465,0.0017009283714225709
C_44,9,0.3611111111111111,0.1950802869832593,0.009691585133488879,0.00405063449563179,0.0016206264111001114
C_45,5,0.5,0.17245545152521896,0.0002822091884421475,0.0019939971458808646,0.001107517272560179
C_46,8,0.42857142857142855,0.1862969004893964,0.003913983196125754,0.00663274246316975,0.0016650740989820347
C_47,9,0.3888888888888889,0.18605408927989572,0.005049736514978781,0.007499127323042809,0.0016028643961877058
C_48,10,0.35555555555555557,0.19528043775649795,0.005897017397933939,0.01052595800888304,0.0017297307841310668
C_49,6,0.4666666666666667,0.16647230320699707,0.00039255416860337257,0.0038804561115417945,0.0012645419537622058
C_50,6,0.4,0.17933417085427136,0.00169605607131689,0.005842321312306046,0.0012134269635247618
C_51,7,0.42857142857142855,0.1668127373648846,0.0007456830594707746,0.008939433281440224,0.001287643159981136
C_52,10,0.4444444444444444,0.17590881084411583,0.0012433920467590908,0.011656585415973012,0.001823031331556351
C_53,7,0.5714285714285714,0.168685376661743,0.0003079212385840809,0.011888629989760096,0.0012634829993837034
C_54,10,0.4444444444444444,0.17860494213324993,0.001974830683207608,0.01583268198422879,0.001617979514288159
C_55,15,0.3333333333333333,0.1973729692360871,0.014108952977064554,0.031539581993963756,0.0023467020617476274
C_56,14,0.43956043956043955,0.18272,0.004382349604870931,0.0380215868089435,0.002139950289907682
C_57,11,0.509090909090909,0.18155802861685214,0.0018406774606223757,0.0310532749049176,0.0016988055186617501
C_58,11,0.5272727272727272,0.18551007147498375,0.0021584850057303874,0.033511692082206536,0.0017276177348626194
C_59,18,0.43137254901960786,0.20961820851688692,0.015168500908249666,0.05901352368099077,0.0025109141476871155
C_60,14,0.5274725274725275,0.18611473272490223,0.0022397649977079466,0.043522015914185974,0.0021541031094611373
C_61,11,0.5272727272727272,0.18813838550247117,0.004363977150030446,0.031485623842203714,0.0016941330223990269
C_62,10,0.5111111111111111,0.18944923689449236,0.004799510868374668,0.02688495516583128,0.0016198077455033908
C_63,13,0.46153846153846156,0.1979889042995839,0.011516488663695344,0.034828584682915595,0.002020747166696796
C_64,11,0.43636363636363634,0.17650695517774342,0.0040955891625848095,0.02231636774504778,0.0016940551674760032
C_65,10,0.4222222222222222,0.1826031339942437,0.011356971277859347,0.01366427155440125,0.0017119022838047243
C_66,9,0.5,0.18041074249605055,0.0036162197178010638,0.011316158654352907,0.0016342541891736138
C_67,10,0.4222222222222222,0.18167356029271398,0.004544888604264919,0.010169160187470869,0.001508138720551068
C_68,10,0.4444444444444444,0.17054958183990443,0.0032105654051089983,0.007256720142940855,0.0015386709795984516
C_69,13,0.34615384615384615,0.17950330084878968,0.007451600630153275,0.007160477998712962,0.0023258405079585854
C_70,12,0.3484848484848485,0.18103994927076728,0.009469445718288332,0.007822587825675692,0.0020504384004424443
C_71,8,0.4642857142857143,0.17292549969715323,0.001601135973810917,0.004113636918649317,0.0014491251687637758
C_72,10,0.4444444444444444,0.16455331412103746,0.0017866860751417737,0.003475287504714965,0.0017413445328149542
C_73,9,0.3888888888888889,0.16913507109004738,0.003602713359465859,0.0034369501789682923,0.0017248551668193044
C_74,5,0.6,0.15382543103448276,0.00023126788802550882,0.0010909948788355506,0.0010939393880277735
C_75,8,0.4642857142857143,0.15575559192580468,0.0005648100972349637,0.0017099949915649697,0.0015256851162189747
C_76,12,0.36363636363636365,0.17303030303030303,0.005995586885609213,0.0039216463826365995,0.0021878362636548374
C_77,8,0.5,0.16928550252001187,0.000990302244566268,0.0023581018013142567,0.0015321620939972944
C_78,7,0.5714285714285714,0.15773480662983425,0.00034763764184841944,0.0018168238994406393,0.0012394143664889265
C_79,11,0.38181818181818183,0.16622998544395926,0.0029687304067111996,0.003528911024056135,0.001876649866144816
C_80,13,0.32051282051282054,0.18196303377947737,0.012827659876007463,0.005931582130431674,0.0022425628009336996
C_81,9,0.4444444444444444,0.16968796433878158,0.0019184589656094458,0.003310800842023027,0.0015150091568534407
C_82,8,0.5,0.1752608962553714,0.0031091510366002256,0.0034966369290140823,0.0014466390181488338
C_83,9,0.5277777777777778,0.18178923909582936,0.0016434562300994455,0.004733137385493667,0.0016129269146178146
C_84,14,0.4175824175824176,0.1886356128179716,0.005668948140037355,0.008183960363689282,0.002088709118829768
C_85,12,0.4393939393939394,0.18443152454780362,0.003536218340317765,0.007127911837593788,0.0019198815230110926
C_86,11,0.509090909090909,0.1893236074270557,0.004954143563500825,0.007140975376904904,0.001852211779993521
C_87,14,0.42857142857142855,0.1989547038327526,0.00583449307212971,0.00989298263593947,0.002221715573636238
C_88,17,0.3897058823529412,0.20658465991316932,0.013069874131407554,0.013476301190147876,0.002474508499733907
C_89,10,0.5555555555555556,0.19173942243116185,0.0016618314419207963,0.008642228322797095,0.0016721871283003592
C_90,9,0.5833333333333334,0.18690671031096562,0.002072824564226939,0.006665257937218638,0.0015782063329315755
C_91,9,0.5555555555555556,0.19716850828729282,0.002267028257525569,0.00680784654747267,0.0015240465489831671
C_92,13,0.4230769230769231,0.21124676285608582,0.010217194827199728,0.012713370332222348,0.0020400773852290725
C_93,10,0.28888888888888886,0.21777269260106788,0.015355515124628108,0.00855049199092921,0.0016078645930441495
C_94,11,0.2727272727272727,0.2295016077170418,0.02108594833049145,0.010958087083216796,0.0016061855071726
C_95,8,0.39285714285714285,0.2128214685054044,0.0035764376830723014,0.005950426507335529,0.0014446503646485212
C_96,8,0.4642857142857143,0.2199537750385208,0.004982104175946828,0.006892897895431906,0.0014110837536531798
C_97,10,0.37777777777777777,0.22166149068322982,0.008210277917148437,0.009754939557482165,0.0015212388831536946
C_98,10,0.4444444444444444,0.22730891719745222,0.009303783042585986,0.010812615549277534,0.0017067574308055533
C_99,11,0.4,0.22730891719745222,0.008854795350589202,0.012967758329053048,0.0016869800205496224
C_100,11,0.38181818181818183,0.22758070944599443,0.00829390013128276,0.01737798367263606,0.0017975576946101877
C_101,12,0.4090909090909091,0.23145520875557357,0.009596434920843878,0.026652112120508258,0.0019143833324818333
C_102,13,0.358974358974359,0.23624327678940835,0.019010873564902567,0.02331813402950224,0.0017952031702809397
C_103,11,0.36363636363636365,0.24380871050384287,0.02009454266129494,0.026067582592855708,0.0016153004892954558
C_104,13,0.41025641025641024,0.2367330016583748,0.014341173107046558,0.036872484874088444,0.0017739717658891432
C_105,13,0.3974358974358974,0.232776192417448,0.014568182019407898,0.04144481446020902,0.0019270344258752832
C_106,13,0.32051282051282054,0.24143763213530656,0.022740105486364192,0.03647436777888162,0.0018883683460672574
C_107,14,0.3626373626373626,0.23536685902720528,0.014484580018874938,0.04681275697739975,0.002006745249973009
C_108,13,0.3717948717948718,0.22858286629303443,0.012524487651791146,0.04373612902197849,0.0016922746390160993
C_109,11,0.4,0.22631787554498614,0.01065940242799218,0.034016072917818996,0.0018098508491623453
C_110,15,0.4095238095238095,0.2304277643260694,0.01681817330286894,0.04781989174956723,0.0022320931097620923
C_111,15,0.42857142857142855,0.21290082028337062,0.007997369161957242,0.04154089702590897,0.002147310252928865
C_112,10,0.4888888888888889,0.20487979906709725,0.0014615961411916262,0.02775787336809662,0.0014202541010060023
C_113,12,0.3787878787878788,0.21008094186902135,0.013201387401454573,0.026017872825406567,0.0019954958402412432
C_114,11,0.45454545454545453,0.2007029876977153,0.002844667197579515,0.026457097543785193,0.00173521702209286
C_115,6,0.5333333333333333,0.18178923909582936,0.0003700253908302192,0.00964913918763322,0.001167597278120278
C_116,8,0.4642857142857143,0.1912257200267917,0.001043930673984965,0.012861406176376588,0.0013059565736063135
C_117,14,0.31868131868131866,0.21636983705949223,0.017025528165326667,0.03041823274558086,0.002221656368849298
C_118,8,0.5,0.19812630117973629,0.0011322691425128275,0.014735957142338118,0.0012062137221004467
C_119,11,0.41818181818181815,0.22012336160370086,0.011600352642349139,0.03359718879585045,0.0017120683012198576
C_120,12,0.3939393939393939,0.21506591337099812,0.01744709034982402,0.029879569753683794,0.0018100764157089628
C_121,14,0.38461538461538464,0.21116863905325445,0.010924670591476334,0.024913612750651078,0.002217551550681227
C_122,12,0.42424242424242425,0.22278579789309402,0.006563173269858709,0.027451256959675978,0.0017427324387283435
C_123,12,0.4090909090909091,0.2226120857699805,0.01433599372868354,0.03021401592795601,0.0018556353143368083
C_124,14,0.4175824175824176,0.21101256467110124,0.010080300579955678,0.022190733533236674,0.001919946512676321
C_125,13,0.41025641025641024,0.22174757281553398,0.011613138011017122,0.022120270759753154,0.0020391518477487908
C_126,13,0.34615384615384615,0.23126771972458485,0.016956064789154814,0.02488033389677197,0.0018745496109708406
C_127,11,0.45454545454545453,0.2066594281577995,0.0036258314977910718,0.014610708555563144,0.0017088291985354735
C_128,12,0.42424242424242425,0.2065099457504521,0.005966967600243026,0.014177587018405777,0.00198119630178876
C_129,10,0.4666666666666667,0.2121887774061687,0.0036873016703042887,0.01191712742654447,0.0016940506761129156
C_130,11,0.41818181818181815,0.2159606656580938,0.007174500461418288,0.01166898776182048,0.001730312645625142
C_131,11,0.38181818181818183,0.19534724598015737,0.00404590003848182,0.008186668247396974,0.0016586744543909127
C_132,11,0.36363636363636365,0.19710044874007593,0.01007824791138505,0.007750878439229349,0.0018781010001134373
C_133,12,0.36363636363636365,0.21522804372408594,0.01764855583520066,0.010178964073550236,0.001849377522366015
C_134,9,0.5,0.19219118142039718,0.0010018653485562678,0.006041256495503534,0.001579403820686058
C_135,12,0.36363636363636365,0.19408565601631544,0.008439928877792427,0.0067448885733055125,0.0019109625388369818
C_136,14,0.38461538461538464,0.20007007708479327,0.008913962491234386,0.009003581132611413,0.0020846963936094944
C_137,12,0.3939393939393939,0.2029140014214641,0.005319546302573326,0.008357687100138124,0.0019566239351253177
C_138,11,0.41818181818181815,0.19161073825503355,0.004625062029095525,0.007395920630326289,0.0017820788598202813
C_139,10,0.4444444444444444,0.19039679893297765,0.002873469256725271,0.006943256422429673,0.0016378915534980673
C_140,11,0.4,0.20126894606979204,0.004851764606966672,0.011837197690572995,0.001642157825382562
C_141,8,0.42857142857142855,0.20495333811916727,0.004449889099099986,0.011536404847213267,0.001158415432336786
D_2,4,0.3333333333333333,0.17203977101536608,0.0007532209040714182,0.0018080519788141872,0.0008881399390860396
D_3,9,0.4166666666666667,0.1778816199376947,0.003261933694669264,0.004474039475868545,0.001652619636330141
D_4,7,0.5238095238095238,0.1612994350282486,0.00027385019339650645,0.0019041660182717635,0.0013463821364653663
D_5,7,0.6190476190476191,0.1622620062517761,0.00018768545021563844,0.0020213262785516205,0.0013581717603683482
D_6,8,0.5714285714285714,0.1642692750287687,0.0002680439803112066,0.0025123662673693105,0.0015858422040294774
D_7,11,0.4727272727272727,0.1848494658465523,0.004767675426660427,0.005794497010054731,0.0020312395111092814
D_8,11,0.4727272727272727,0.17656153370439084,0.0022398052552540914,0.004838283402289196,0.0019846145034435442
D_9,9,0.5,0.16833726415094338,0.0008245124302421004,0.0032567968196406095,0.0015996497394449747
D_10,11,0.43636363636363634,0.1886356128179716,0.006486783163274783,0.00607814346560114,0.0020150043331093287
D_11,12,0.3939393939393939,0.19401970778117567,0.011224181089791486,0.007581363709187456,0.002158347214132143
D_12,10,0.4,0.17345078979343864,0.006166253189108737,0.004438010118939656,0.001656632454830201
D_13,9,0.5,0.17039689644882125,0.0017707494339717176,0.0036586149465279547,0.0017815641928405652
D_14,9,0.5,0.1773842808325567,0.0036923810532791933,0.005096168031552937,0.0018453527541407522
D_15,8,0.5357142857142857,0.17716413279553211,0.00193889078147633,0.004605128042735248,0.0017032304804991969
D_16,7,0.5714285714285714,0.16710564822944102,0.0007570384216544863,0.003992818056695243,0.001354047563254053
D_17,7,0.47619047619047616,0.16507661173749638,0.0014888348330979412,0.00649597909953237,0.001314814843732135
D_18,8,0.35714285714285715,0.18563068920676204,0.00933048553108239,0.02088418264500278,0.0015701387356012563
D_19,7,0.42857142857142855,0.18184713375796177,0.0024848372683138847,0.03508436750088767,0.0011550123970805134
D_20,11,0.43636363636363634,0.1883245382585752,0.004050719537870715,0.07311367953436917,0.0017300886132804217
D_21,12,0.5,0.18901026150281364,0.0024169112316683606,0.10774837089463453,0.0017862179906487465
D_22,9,0.5277777777777778,0.1890728476821192,0.0008643111581433992,0.07910031943680473,0.001478848450262673
D_23,13,0.3974358974358974,0.21298023125699367,0.0243284932739717,0.1064480383320015,0.001945114352326633
D_24,16,0.44166666666666665,0.20091484869809992,0.00919132933129887,0.1481472551207009,0.002270467973737506
D_25,16,0.45,0.20162429378531074,0.005095737741062556,0.15746038934748366,0.0022580277955098044
D_26,13,0.44871794871794873,0.21744097486671743,0.013614161664515349,0.1254113425600379,0.0018129452351393104
D_27,14,0.38461538461538464,0.22885771543086172,0.01563525785219427,0.11707833438175617,0.0021300287674823016
D_28,14,0.4175824175824176,0.22269890795631825,0.017592203675523756,0.13062723795260164,0.0020271084360072734
D_29,14,0.42857142857142855,0.21401799100449775,0.011047665244907908,0.12387393781342979,0.001955758165596559
D_30,13,0.358974358974359,0.22885771543086172,0.01455509375227798,0.08431880883367665,0.001781310657948579
D_31,14,0.37362637362637363,0.231737012987013,0.016557409988491492,0.07542903822205488,0.002236708225359607
D_32,13,0.3974358974358974,0.22348336594911938,0.018485669720912697,0.06364316068406994,0.0021191038740990156
D_33,14,0.3516483516483517,0.22080433101314773,0.0158108313704027,0.06036805346087684,0.0021637195469944234
D_34,13,0.3717948717948718,0.2269475357710652,0.015813631592105363,0.04516023554788485,0.001858362380269093
D_35,12,0.3787878787878788,0.2315490673154907,0.019617819569644472,0.04162531440478673,0.0015479431794169947
D_36,11,0.41818181818181815,0.21961538461538463,0.0068251373555036745,0.03284123144273642,0.0017676685033450462
D_37,13,0.3076923076923077,0.22166149068322982,0.019655328920554157,0.022300780585194253,0.0018107854265319108
D_38,11,0.32727272727272727,0.22418531605810757,0.013821299129434191,0.026041920149468926,0.0017361084658400216
D_39,9,0.4166666666666667,0.20298613579808034,0.003342695812459192,0.015567074499780028,0.001559546413457697
D_40,10,0.3333333333333333,0.20105633802816902,0.007902875980783989,0.009726107827300554,0.0016953474099695434
D_41,6,0.5333333333333333,0.1929054054054054,0.001498140365495114,0.0058659190437424175,0.0012298739635810507
D_42,7,0.42857142857142855,0.18563068920676204,0.002369125148436459,0.00664012245565024,0.0015292563230347286
D_43,8,0.39285714285714285,0.18086791257522966,0.0038918824047011226,0.007988794968237916,0.0015678226796288725
D_44,5,0.5,0.16517211455018802,0.0001761033617955196,0.005457307884514762,0.0010698461602955496
D_45,10,0.3333333333333333,0.18144264378773434,0.004349186023303971,0.02862628987611963,0.0018142515719658614
D_46,8,0.39285714285714285,0.1762889780796542,0.0015057157005063783,0.018611855753853965,0.0014222455935176965
D_47,8,0.5,0.17070254110612856,0.0003974957996843976,0.023221987493504268,0.0013956172099304966
D_48,10,0.4666666666666667,0.18425298483381736,0.0035827235519581796,0.028275809547975445,0.0017637099883258869
D_49,7,0.6190476190476191,0.17650695517774342,0.00042186535653118186,0.019227070933936705,0.0012281830343600707
D_50,8,0.5357142857142857,0.18520921180668182,0.0006734075541873536,0.024426769681586077,0.0013480178722614538
D_51,11,0.38181818181818183,0.2006324666198173,0.012307244677099918,0.036977592533702516,0.0018617710938455313
D_52,7,0.5714285714285714,0.18196303377947737,0.00048140181613139793,0.027482931682895822,0.0012455421777196407
D_53,11,0.4909090909090909,0.1843719728769777,0.001089152810888315,0.038321280796470486,0.00196902942550354
D_54,15,0.3523809523809524,0.19923237962316817,0.010320739000077775,0.0677876045920792,0.00248742103528756
D_55,13,0.3717948717948718,0.19979006298110566,0.006952917260542367,0.0921446442696666,0.0019865019163988577
D_56,9,0.5,0.18041074249605055,0.0008327574896273247,0.05317600116693627,0.0014086364029261397
D_57,13,0.3974358974358974,0.18242811501597445,0.003035598147568751,0.06335696555699316,0.0018266873729821565
D_58,7,0.5714285714285714,0.1701430274135876,0.0003078656746132424,0.04654505825280147,0.0012515910529276738
D_59,9,0.4444444444444444,0.17547633681622618,0.0017551930748568988,0.05445620695343204,0.001538934508147335
D_60,15,0.3904761904761905,0.19382213170400542,0.006847834585084104,0.11687413001246973,0.0022676051878274626
D_61,17,0.3897058823529412,0.20042120042120043,0.009064744680175162,0.15094536284064927,0.00240182026126356
D_62,10,0.5111111111111111,0.1749923383389519,0.0010073550646265107,0.0884968067823812,0.0015857671043025751
D_63,11,0.4909090909090909,0.19277515192437542,0.002888047125527675,0.1025270602868132,0.001728768808225128
D_64,17,0.4338235294117647,0.20400142908181493,0.010845967316429438,0.16403545129574787,0.0023554785285890747
D_65,14,0.4725274725274725,0.1835422693667631,0.0016833915501805801,0.12480685649347896,0.0021485155398802097
D_66,10,0.5111111111111111,0.17838175570134332,0.001927380401131301,0.08152706188229294,0.0015609453511313807
D_67,10,0.5111111111111111,0.18461041060459102,0.003864126401619292,0.07629307517218352,0.0016192734513739131
D_68,13,0.46153846153846156,0.19415164909894594,0.008169033703654701,0.09402473201312027,0.0020621355342025863
D_69,12,0.45454545454545453,0.1826031339942437,0.0050810916412490584,0.07355696403169541,0.0017887891984546909
D_70,9,0.5,0.1749923383389519,0.00275614904469944,0.03783303157795969,0.001586643435131214
D_71,10,0.4,0.1878907535373478,0.00991184471195287,0.03331175236896659,0.0017779260059240503
D_72,10,0.4444444444444444,0.17727413846631482,0.004644885959494722,0.032486280815745235,0.0014989054879862927
D_73,9,0.5,0.1699404761904762,0.002165122142588695,0.019486207511525015,0.0015363507739213516
D_74,12,0.36363636363636365,0.17743940335612182,0.00802390885533372,0.016252486899780833,0.0018911832838509291
D_75,9,0.4166666666666667,0.170804666467245,0.005375770670720973,0.01129640807282767,0.001662901974426409
D_76,7,0.5714285714285714,0.1648859370488016,0.00042741913080470334,0.008234177982439634,0.001349872881929902
D_77,10,0.4222222222222222,0.1629101283880171,0.0018375494545698266,0.007429362442528696,0.0017885721240459727
D_78,9,0.3611111111111111,0.17612584824182603,0.006319339606007028,0.0062590858702497795,0.0016970603482891545
D_79,5,0.6,0.15592572364827964,0.00020772068172178284,0.0023943747780935756,0.0010603493237301817
D_80,8,0.4642857142857143,0.1634697967363298,0.0005048673826143325,0.004098687739933333,0.001449762075747891
D_81,13,0.358974358974359,0.1780480199563455,0.004808666570157654,0.009329246730761966,0.0021388396388276193
D_82,12,0.45454545454545453,0.1830128205128205,0.0029676943859022926,0.00898313159243246,0.0018177937647200213
D_83,8,0.5714285714285714,0.16184807256235828,0.00030105492876495,0.00527163457038105,0.0013380311730951438
D_84,10,0.4222222222222222,0.1656993615786419,0.0018793412360105222,0.00667058731307829,0.0016095551534523688
D_85,13,0.41025641025641024,0.18587239583333334,0.007260612349189004,0.010164294946575112,0.0021082946678868384
D_86,13,0.4230769230769231,0.1772191185599007,0.00230750405414699,0.008422416592327318,0.002020322649895971
D_87,8,0.5,0.16789179653043224,0.0012141266165393181,0.004421082888429298,0.0013062966934312135
D_88,9,0.5277777777777778,0.18006937874487544,0.0012679996205994146,0.005442338631417479,0.001583069336583766
D_89,15,0.4095238095238095,0.19154646091915464,0.00606021864275613,0.009405491092487386,0.002212440503738463
D_90,12,0.4393939393939394,0.17984251968503936,0.0024458853344541476,0.005738491508592449,0.0019859632167914974
D_91,10,0.5111111111111111,0.1713171317131713,0.0010130707876634202,0.004242376336491268,0.0016712952489116892
D_92,12,0.4393939393939394,0.1890728476821192,0.005445386787070942,0.0058347152084552885,0.002022984422699342
D_93,16,0.3333333333333333,0.19819507115584867,0.010475741824471625,0.007670936787875058,0.002334633422601446
D_94,9,0.5555555555555556,0.18092522179974652,0.0008521426123890605,0.0036047547335882144,0.0016068882964639338
D_95,8,0.6428571428571429,0.17397928092626447,0.0005041074733710756,0.0030661623014394354,0.0014951021571675356
D_96,8,0.6071428571428571,0.18219527760051052,0.0007336571343091367,0.003072474182361171,0.0014422512816624814
D_97,11,0.4,0.20021037868162692,0.010296867179555039,0.004757262990120506,0.0018314127359224182
D_98,9,0.3888888888888889,0.2066594281577995,0.006454380856014945,0.005802591396192623,0.0014740329226351863
D_99,12,0.30303030303030304,0.22088974854932303,0.014503709390102202,0.008832200973090785,0.00174098829438086
D_100,11,0.3090909090909091,0.21919385796545104,0.010712847267885692,0.01146635734304182,0.0017812848982038112
D_101,9,0.3888888888888889,0.2232212666145426,0.007001123439059087,0.0108999847274761,0.0014767761390614197
D_102,11,0.32727272727272727,0.2304277643260694,0.01998253215821979,0.016922009451970532,0.0015813397400025755
D_103,10,0.4444444444444444,0.22685736988478347,0.013584875362844836,0.01798152726804885,0.001713885738768941
D_104,12,0.4090909090909091,0.231737012987013,0.009799899998398316,0.022010966950652217,0.001786115531710516
D_105,11,0.38181818181818183,0.23575557390586294,0.016175593888534064,0.030606451467763085,0.001721805664530415
D_106,12,0.3787878787878788,0.23536685902720528,0.017449442232735264,0.05012466357574989,0.0019509250307420027
D_107,13,0.3717948717948718,0.23201950426655832,0.013574743659602451,0.03153092542542595,0.0018189785296149692
D_108,11,0.36363636363636365,0.24360068259385664,0.02091894946929208,0.03156667818270963,0.0014790996150028668
D_109,12,0.3939393939393939,0.23575557390586294,0.012417122958512872,0.053659495322461045,0.001937994316939404
D_110,10,0.4666666666666667,0.22876602564102563,0.004276330330860001,0.04190009834146193,0.0017104734403999087
D_111,13,0.3076923076923077,0.2375207986688852,0.02171111925769353,0.04000700849194127,0.001902838507751489
D_112,12,0.4090909090909091,0.23821443471005424,0.011184824157955877,0.0430447413544701,0.001505721262236878
D_113,13,0.3333333333333333,0.22996375352396295,0.03223592540717737,0.064416772816534,0.002023692312638857
D_114,11,0.45454545454545453,0.22003853564547207,0.003770573844714912,0.03449966934491321,0.0018310177584481102
D_115,15,0.41904761904761906,0.22649742165807218,0.010137221861668511,0.047068188568942765,0.0022565871014445546
D_116,15,0.41904761904761906,0.2235708692247455,0.010726023444083362,0.04567128053883135,0.001928737613889553
D_117,9,0.5555555555555556,0.2024822695035461,0.001238822471019965,0.02782582045701399,0.0013463315761756546
D_118,10,0.5555555555555556,0.19958056623558196,0.001016260642564064,0.024826357218106946,0.0016538784627280285
D_119,13,0.47435897435897434,0.20400142908181493,0.002857343556325,0.03303077230382233,0.0017646050255972479
D_120,9,0.4722222222222222,0.19561493662213086,0.0011775903995079168,0.01928238785170005,0.0014150601643434806
D_121,6,0.5333333333333333,0.18029681086201452,0.00034237356011166146,0.009922401317668788,0.0011480030931717488
D_122,12,0.36363636363636365,0.2099264705882353,0.011196357064320055,0.02475939173586798,0.0019387060805857444
D_123,8,0.42857142857142855,0.19581618655692729,0.0018939012524067664,0.011519506931325812,0.0013127310041523787
D_124,12,0.4090909090909091,0.21661608497723825,0.016750125895006244,0.023000471098027966,0.0017289600724401711
D_125,10,0.5333333333333333,0.20900439238653,0.002352631591446022,0.016483575023309126,0.0015928607488739975
D_126,12,0.3787878787878788,0.2064352856109906,0.01592827502258018,0.01512081600586797,0.0020723085707685654
D_127,13,0.41025641025641024,0.2235708692247455,0.009205750332977106,0.023054624850633323,0.0018651084365227213
D_128,13,0.4358974358974359,0.2170277461041429,0.008221307967525997,0.020896603700742766,0.001958600200431292
D_129,15,0.34285714285714286,0.2063606794362125,0.015339070125308746,0.01678264492898598,0.002383437426670958
D_130,11,0.4,0.21547169811320754,0.0097682037513109,0.016525864441509053,0.0016501344386413287
D_131,12,0.4090909090909091,0.22243864433190494,0.010262145240828737,0.02055867374755331,0.0017416724641464913
D_132,12,0.3484848484848485,0.20606279321544568,0.01263553941039411,0.01410054698077557,0.0018506471983065367
D_133,10,0.4,0.20105633802816902,0.011033706559587339,0.01178812982016334,0.0017275620771685554
D_134,12,0.3939393939393939,0.22427336999214453,0.01682067887711358,0.018103746250520233,0.001898929081819191
D_135,11,0.43636363636363634,0.21093461396379756,0.0050160998268524515,0.014982641814275463,0.0017868099947655517
D_136,10,0.4444444444444444,0.198746954403063,0.005365129886680186,0.010709749111942436,0.001547010790725557
D_137,13,0.358974358974359,0.20510057471264367,0.015343366624635231,0.015150225265802092,0.002177698737318936
D_138,13,0.38461538461538464,0.21385767790262172,0.009226577993501685,0.016377051904555663,0.002192658471114688
D_139,10,0.4888888888888889,0.18733595800524935,0.0010985785492950155,0.009531206963321374,0.0014126458151348094
D_140,14,0.42857142857142855,0.1882624464226838,0.004307107870405703,0.01186729487666397,0.002289011942178721
D_141,16,0.3416666666666667,0.20487979906709725,0.017650607317048216,0.013536735186157046,0.0025040334952974278
D_142,11,0.41818181818181815,0.19581618655692729,0.0029246770633478596,0.008844522711749164,0.00176391838472762
D_143,10,0.5111111111111111,0.18324775353016687,0.0016284957221817484,0.007387059972957095,0.0016017172093897329
D_144,10,0.4666666666666667,0.1882003955174687,0.0014691599873118643,0.006391089154063172,0.001666970927348182
D_145,11,0.34545454545454546,0.19588336192109776,0.011701764272747321,0.006672543211477638,0.0016939685770997479
D_146,6,0.4,0.19154646091915464,0.0015092771826901031,0.003842477846622718,0.0009878029917424615
